Country,Year,GDP (current US$),GDP growth (annual %),GDP per capita (current US$),"Unemployment, total (% of total labor force) (modeled ILO estimate)","Inflation, consumer prices (annual %)","Foreign direct investment, net inflows (% of GDP)",Trade (% of GDP),Gini index,"Population, total",Population growth (annual %),Poverty headcount ratio at $2.15 a day (2017 PPP) (% of population),"Life expectancy at birth, total (years)","Mortality rate, infant (per 1,000 live births)","Literacy rate, adult total (% of people ages 15 and above)","School enrollment, primary (% gross)",Urban population (% of total population),Access to electricity (% of population),People using at least basic drinking water services (% of population),People using at least basic sanitation services (% of population),Carbon dioxide (CO2) emissions excluding LULUCF per capita (t CO2e/capita),"PM2.5 air pollution, mean annual exposure (micrograms per cubic meter)",Renewable energy consumption (% of total final energy consumption),Forest area (% of land area),Control of Corruption: Percentile Rank,Political Stability and Absence of Violence/Terrorism: Estimate,Regulatory Quality: Estimate,Rule of Law: Estimate,Voice and Accountability: Estimate,Individuals using the Internet (% of population),Research and development expenditure (% of GDP),High-technology exports (% of manufactured exports)
Afghanistan,2000,3521418060,,180.1883694,7.955,,0.004827601,,,19542982,1.443803024,..,55.298,92,..,22.16299057,22.078,4.4,27.44185609,20.97091936,0.054812515,64.76727982,45,1.852781994,4.787233829,-2.438968897,-2.080252647,-1.780660748,-2.031417131,..,..,..
Afghanistan,2001,2813571754,-9.431974068,142.9033644,7.958,,0.024168568,,,19688632,0.742516834,..,55.798,89.3,..,22.90859032,22.169,9.3,27.47358023,20.98234866,0.050196479,64.59757272,45.6,1.852781994,..,..,..,..,..,0.00472257,..,..
Afghanistan,2002,3825701439,28.60000116,182.1740382,7.939,,1.30694987,,,21000256,6.449321478,..,56.454,86.6,..,75.95974731,22.261,14.1,29.67486273,22.54133877,0.046328007,64.41688801,37.8,1.852781994,4.761904716,-2.035033703,-1.81154573,-1.673473239,-1.433421016,0.0045614,..,..
Afghanistan,2003,4520946819,8.832277803,199.6432265,7.922,,1.278493252,,,22645130,7.541018965,..,57.344,83.7,..,96.55368042,22.353,19,31.87558916,24.10033283,0.04675619,64.17623142,36.7,1.852781994,4.761904716,-2.198372364,-1.463107824,-1.5582937,-1.177571177,0.0878913,..,..
Afghanistan,2004,5224896719,1.414117993,221.8305307,7.914,,3.577104201,,,23553551,3.933177688,..,57.944,80.9,..,106.2526627,22.5,23.8,34.09443129,25.66623994,0.039875091,63.82660868,44.2,1.852781994,6.403940678,-2.295682192,-1.511548996,-1.693925261,-1.203033924,0.105809,..,..
Afghanistan,2005,6203256539,11.22971483,254.115276,7.914,12.68626872,4.368673104,,,24411191,3.576508004,..,58.361,78,..,100.2296906,22.703,28.7,36.33122612,27.23918874,0.054638874,63.31902553,33.9,1.852781994,1.463414669,-2.06750989,-1.643440247,-1.662965536,-1.12542963,1.22415,..,..
Afghanistan,2006,6971758282,5.357403247,274.0153923,7.918,6.78459655,3.413772973,,,25442944,4.139678035,..,58.684,75.1,..,103.9322433,22.907,33.5,38.56711933,28.81226623,0.05806718,61.51464943,31.9,1.852781994,1.951219559,-2.219134569,-1.689468622,-1.879004836,-1.110293984,2.10712,..,..
Afghanistan,2007,9747886187,13.82631955,376.3182996,7.908,8.680570785,1.935701714,,,25903301,1.793195727,..,59.111,72.3,..,101.0864563,23.113,38.4,41.0836739,30.46653361,0.079665522,58.08378502,28.8,1.852781994,0.970873773,-2.41337347,-1.708872318,-1.852560043,-1.057653904,1.9,..,..
Afghanistan,2008,10109297048,3.92498382,382.5338072,7.92,26.41866415,0.455360445,,,26427199,2.002333262,..,59.852,69.6,..,103.4139633,23.32,42.4,43.63260872,32.12870461,0.15247927,54.19114381,21.2,1.852781994,0.485436887,-2.69136095,-1.607166886,-1.903307557,-1.168901801,1.84,..,..
Afghanistan,2009,12416152732,21.39052839,453.3873851,7.914,-6.811161089,0.451889146,,,27385307,3.561288374,..,60.364,67,..,99.36972046,23.528,48.3,46.21376265,33.79895774,0.236856939,51.00143731,16.5,1.852781994,0.95693779,-2.71142149,-1.664507627,-1.876118779,-1.375495195,3.55,..,..
Afghanistan,2010,15856668556,14.36244147,562.4992216,7.914,2.178537524,1.20311799,,,28189672,2.894904104,..,60.851,64.6,..,102.9034424,23.737,42.7,48.82696852,35.47747099,0.286853284,49.67937703,15.2,1.852781994,0.952380955,-2.579151869,-1.516528249,-1.87005806,-1.404467344,4,..,..
Afghanistan,2011,17805098206,0.426354777,608.7388504,7.916,11.80418581,0.29302518,,,29249157,3.689508302,..,61.419,62.3,31,100.2902985,23.948,43.2,51.47237647,37.16457222,0.403450944,61.81705591,12.6,1.852781994,0.473933637,-2.502059698,-1.536323905,-1.922500134,-1.335976958,5,..,..
Afghanistan,2012,19907329778,12.75228709,653.4174749,7.909,6.441212809,0.285440894,,,30466479,4.077627729,..,61.923,60.1,..,106.2834015,24.16,69.1,54.14949164,38.86030503,0.334026128,70.92231651,15.4,1.852781994,1.421800971,-2.418561459,-1.192579746,-1.651893139,-1.267430067,5.45455,..,..
Afghanistan,2013,20146416758,5.600744659,638.733181,7.919,7.385771784,0.239801184,,,31541209,3.466788304,..,62.417,58.1,..,107.6959763,24.373,68,56.85814159,40.56485238,0.275547459,73.1318159,16.9,1.852781994,0.947867274,-2.519349098,-1.1930902,-1.609111547,-1.240068436,5.9,..,..
Afghanistan,2014,20497128556,2.724543362,626.5129291,7.915,4.673996035,0.209664795,,,32716210,3.657576065,..,62.545,56.2,..,109.1155167,24.587,89.5,59.59815817,42.27840265,0.25307638,77.14372755,19.1,1.852781994,5.288461685,-2.411068439,-1.124133706,-1.437044501,-1.135439992,7,..,..
Afghanistan,2015,19134221645,1.451314661,566.8811297,9.011,-0.661709165,0.884000463,,,33753499,3.121341229,..,62.659,54.6,33.7538414,106.1824188,24.803,71.5,62.36965956,44.00130864,0.258331736,73.49081763,17.7,1.852781994,5.714285851,-2.56262517,-1.018826246,-1.515202641,-1.117556691,8.26,..,..
Afghanistan,2016,18116572395,2.260314203,523.053012,10.1,4.383891955,0.516606085,,,34636207,2.581549399,..,63.136,53,..,106.1502838,25.02,97.7,65.17216226,45.73360216,0.229161929,72.76591014,20.2,1.852781994,3.809523821,-2.662156105,-1.339695096,-1.520713925,-1.037788033,11,..,..
Afghanistan,2017,18753456498,2.647003203,526.140801,11.184,4.975951506,0.274796792,,,35643418,2.866492148,..,63.016,51.5,..,106.1299973,25.25,97.7,68.00887159,47.4776158,0.239789012,65.862347,19.5,1.852781994,3.809523821,-2.794973612,-1.369762778,-1.583736897,-0.990814269,13.5,..,..
Afghanistan,2018,18053222687,1.189228129,492.090631,11.206,0.626149149,0.661572218,,,36686784,2.885207973,..,63.081,50.1,..,107.7805328,25.495,93.4,70.87994089,49.23414442,0.221575704,67.22717748,18.3,1.852781994,4.761904716,-2.753262043,-1.138203621,-1.688586712,-1.007052064,16.8,..,0
Afghanistan,2019,18799444490,3.911603416,497.7414313,11.224,2.302372515,0.124495985,,,37769499,2.908529093,..,63.565,48.8,..,110.0075073,25.754,97.7,73.784643,51.00348109,0.197193508,58.33087223,18.9,1.852781994,5.714285851,-2.652406931,-1.113777995,-1.741318822,-1.006574869,17.6,..,0
Afghanistan,2020,19955929052,-2.351100672,512.055098,11.71,,0.064993957,46.70989455,,38972230,3.134746908,..,62.575,47.4,..,..,26.026,97.7,76.7222554,52.64900094,0.140322994,46.08709367,18.2,1.852781994,4.761904716,-2.702631712,-1.389163017,-1.831374288,-1.077688575,18.4,..,..
Afghanistan,2021,14266499430,-20.73883937,355.7778264,11.934,,0.144401085,51.41171637,,40099462,2.851357654,..,61.982,46.1,37,..,26.314,97.7,79.69307846,54.29858974,0.140630316,..,20,1.852781994,12.38095284,-2.518530369,-1.311682105,-1.87635684,-1.567889929,..,..,..
Afghanistan,2022,14502158192,-6.240171992,352.6037331,14.1,,,72.88546961,,41128771,2.534498317,..,62.879,44.8,..,..,26.616,85.3,82.17537112,55.95194129,0.13800072,..,20,..,12.26415062,-2.550801754,-1.27180624,-1.658442259,-1.751587272,..,..,..
Afghanistan,2023,,,,14.386,,,,,42239854,2.665628202,..,..,..,..,..,26.933,..,..,..,..,..,..,..,..,..,..,..,..,..,..,..
Bhutan,2000,460733418.4,3.355068305,784.6184027,1.652,4.012120811,,74.02649711,,587207,2.800570184,..,62.01,58.4,..,80.78762817,25.418,31.2,82.36160234,46.90494201,0.719678069,32.57384036,91.4,65.47738693,71.27659607,0.491936684,-0.428554446,0.130426154,-1.112356544,0.400944,..,..
Bhutan,2001,496110225.7,7.328374452,822.4175456,1.9,3.414789461,,71.09457473,,603234,2.692778294,..,63.444,55.6,..,82.15339661,26.48,40.2,83.46728539,47.26014571,0.752278552,32.91600699,90.2,65.7268593,..,..,..,..,..,0.864629,..,..
Bhutan,2002,559345263.7,10.44377954,903.5571776,1.851,2.455357143,0.4336159,70.2833172,,619048,2.587763295,..,64.078,52.7,..,83.75219727,27.57,44.1,84.61995697,49.15474215,0.791699513,33.34418245,89.7,65.97633166,70.89946747,0.693675578,-0.50857091,0.069401726,-1.290270805,1.6758,..,..
Bhutan,2003,651935430.3,7.786560536,1027.273391,1.8,2.572308617,0.516969909,72.84990066,40.9,634627,2.485461063,13.4,64.696,49.9,..,86.24712372,28.688,41.1,85.7539271,51.01652707,0.796058157,33.75126304,89.7,66.22580402,82.01058197,0.918948591,-0.04871612,0.136125684,-1.146781921,2.43691,..,..
Bhutan,2004,735348490.4,5.157257256,1131.321034,2.49,4.105936983,1.204858664,89.0605518,,649991,2.392109191,..,65.268,47.1,..,89.68125916,29.835,51.9,86.86839087,52.8441983,0.788626304,34.03014503,90.9,69.41039431,80.78817749,1.172050357,-0.915191174,0.223591417,-0.965037107,3.15698,..,..
Bhutan,2005,860391000.2,6.935071466,1297.092066,3.1,5.312631046,0.721867151,97.74341354,,663323,2.03035344,..,65.805,44.4,53,92.76241302,30.965,59.8,87.95675999,54.62419308,0.838656281,34.07372473,88.7,69.67088176,79.02439117,1.284487367,-0.286168545,0.332806766,-1.072155476,3.84711,..,..
Bhutan,2006,942879878.5,5.640805265,1400.469178,3.13,5.00045438,0.649361842,108.1577949,,673260,1.486953387,..,66.362,41.7,..,97.14897156,31.712,59.7,88.97896447,56.26958234,0.837417937,33.14962238,91.6,69.93136921,77.56097412,1.264518976,-0.577596843,0.21245949,-1.058763504,4.51832,..,..
Bhutan,2007,1255767964,16.10478365,1842.344735,3.7,5.156111388,5.881322974,106.9290224,38.1,681614,1.233193031,5.9,66.954,39.3,..,101.165947,32.469,71.8,89.98677222,57.88900697,0.846813592,31.1047419,92,70.19185665,78.1553421,0.568526506,-0.70974499,0.36783278,-0.872591913,5.92,..,0.751439729
Bhutan,2008,1317517835,4.529448692,1910.174218,3.833,8.327160494,0.238630623,101.9542357,,689737,1.18468503,..,67.499,36.9,..,104.5938492,33.236,67.6,90.97982582,59.48189388,0.882365307,28.70090506,87.8,70.4523441,78.64077759,0.720669389,-0.765467465,0.421698183,-0.505405188,6.55,..,0.126757285
Bhutan,2009,1331343798,7.667492403,1908.249648,3.96,4.361122191,1.374529048,101.5594116,,697678,1.144731276,..,67.897,34.6,..,109.0328064,34.01,71.5,91.95755308,61.06873095,1.192097214,26.69993366,87.8,70.71283154,79.42583466,0.803496659,-1.071835279,0.219097927,-0.461808324,7.17,..,0.215969979
Bhutan,2010,1673464261,11.9318739,2371.97209,3.32,7.036383161,4.498094807,107.2326853,,705516,1.117177172,..,68.43,32.6,..,111.8249588,34.793,73.3,92.91982976,62.62895809,1.309254503,25.86364946,84.8,70.97331899,79.52381134,0.742221653,-1.158943653,0.161859259,-0.416917324,13.6,..,0.13731061
Bhutan,2011,1938441289,8.307647832,2717.449948,3.23,8.848985699,1.60652866,104.8791194,,713331,1.101609833,..,68.881,30.7,..,113.1725693,35.585,81.8,93.86634017,64.1622239,1.569958406,30.4700767,84.9,71.02521185,77.25118256,0.826495349,-1.154204845,0.205665544,-0.404029369,14.4,..,8.75611E-05
Bhutan,2012,1939730676,5.095492644,2689.792866,2.05,10.91965694,1.256910244,95.67614659,38.8,721145,1.089467832,1.7,69.326,29.1,55,112.4175186,36.371,91.5,94.79608007,65.6661457,1.487356912,38.13157147,82.8,71.0771047,79.14691925,0.77630949,-1.093008518,0.260953724,-0.280920058,15.6,..,0.02303265
Bhutan,2013,1913162477,1.658455578,2624.765194,2.87,8.776383453,1.068055187,96.56917811,,728889,1.068123041,..,69.707,27.8,..,106.1411972,37.149,87.4,95.70915284,67.14088799,1.540975375,37.41624372,81.7,71.12899756,79.14691925,0.784624875,-1.086755395,0.317648262,-0.158783659,22.4,..,..
Bhutan,2014,2057330873,5.717865612,2793.931303,2.63,8.271060939,1.143954629,89.29107372,,736357,1.019359843,..,70.049,26.6,..,104.0050278,37.918,91.4,96.60577774,68.58685065,1.562149881,40.29815305,82.1,71.18089042,88.46154022,1.068038583,-1.014745593,0.417663902,-0.1029386,30.3,..,..
Bhutan,2015,2154921011,6.568454317,2899.228294,2.45,4.548143951,0.299359179,91.00755302,,743274,0.93496965,..,70.343,25.5,..,102.4833566,38.678,95.4,97.48622327,70.00457822,1.797856511,37.48569113,81.6,71.23278327,80.95237732,0.960772634,-0.735030413,0.534968972,-0.034806281,39.8,..,..
Bhutan,2016,2322730512,8.400553755,3097.961234,2.737,3.219886894,0.511646198,77.52795554,,749761,0.868973711,..,70.602,24.6,..,100.9430695,39.428,99.3,98.18623888,71.39454115,1.942485672,36.94161228,80.8,71.23427013,81.42857361,1.106088281,-0.691017687,0.509927452,-0.025891906,46.5,..,..
Bhutan,2017,2591358115,3.507567403,3427.173845,3.039,4.95508367,-0.638806341,76.78839772,37.4,756121,0.84469272,0.9,70.847,23.6,67,99.73843335,40.167,97.7,98.65984174,72.75728816,2.100192959,33.81151504,79.7,71.28617869,90.95237732,1.102793097,-0.339257926,0.63007921,0.010954513,54.3,..,..
Bhutan,2018,2583335723,3.501871857,3389.777303,3.35,2.723963862,0.102559427,79.73972102,,762096,0.787111572,..,71.129,22.9,..,99.28786575,40.895,100,98.7649965,74.09344932,2.39996011,34.08388194,80,71.34556896,91.42857361,1.077452898,-0.376959831,0.548555255,0.042394046,63.5,..,..
Bhutan,2019,2735683409,5.755148512,3564.598771,2.72,2.726430374,0.47561707,76.12351742,,767459,0.701252584,..,71.391,22.1,..,97.96216381,41.612,100,98.87231224,75.40367028,2.609129608,30.05189776,81,71.39748296,91.42857361,1.065351009,-0.359623849,0.584862649,0.073989496,74.1794,..,..
Bhutan,2020,2457604042,-10.21839742,3181.339747,5.03,5.629365226,-0.113401542,71.83035577,,772506,0.655471789,..,71.609,21.4,..,103.8008312,42.316,100,98.98171763,76.68856434,1.998948875,23.94565764,83.9,71.44939696,93.33333588,1.013411403,-0.330750853,0.579251528,0.151467398,76.8508,..,..
Bhutan,2021,2768802803,4.421367389,3561.225287,4.804,7.346814405,0.244983589,77.58245145,,777486,0.642586173,..,71.815,20.7,..,103.0328842,43.008,100,99.12699463,77.94885785,2.182804578,..,81.8,71.50131096,90.47618866,0.797127724,-0.405656159,0.604691029,0.219684556,85.6369,..,..
Bhutan,2022,2898227713,5.213867838,3704.018395,5.947,5.639166714,0.289904658,85.93016917,28.5,782455,0.637077531,0,72.229,20.1,72.09999847,106.0821274,43.686,100,99.1314463,77.94007424,2.188496463,..,82.5,..,90.09433746,0.864817739,-0.381970435,0.672034562,0.155555993,86.8403,..,..
Bhutan,2023,,,,5.653,4.229344199,,,,787424,0.633044533,..,..,..,..,..,44.35,..,..,..,..,..,..,..,..,..,..,..,..,..,..,..
Bangladesh,2000,53369787319,5.293294719,413.1001853,3.27,2.208256209,0.525362089,29.32171436,33.4,129193327,1.905524049,33.3,65.779,63,..,..,23.59,32,94.81892121,24.51319035,0.205050064,53.20733159,60.2,14.75246293,6.914893627,-0.726261258,-0.941208124,-0.991129994,-0.227924496,0.0710394,..,..
Bangladesh,2001,53991289844,5.077287775,410.0485409,3.614,2.007173742,0.145443905,32.09801707,,131670484,1.899252681,..,66.135,59.9,47,..,24.096,35,94.99368594,26.07059753,0.24364686,53.53715577,55.9,14.72789045,..,..,..,..,..,0.129808,..,..
Bangladesh,2002,54724081491,3.83312394,407.9629676,3.967,3.332564933,0.095579368,28.96738072,,134139826,1.85802653,..,66.612,57,..,..,24.756,37.8,95.17376963,27.6554494,0.251713462,53.99898917,54.4,14.70331797,1.587301612,-1.032590389,-1.055441499,-0.991601229,-0.432220519,0.13992,..,..
Bangladesh,2003,60158929188,4.7395674,440.7144048,4.32,5.668707734,0.445960783,27.6578849,,136503206,1.746536801,..,66.824,54.3,..,..,25.429,40.5,95.35256256,29.23186766,0.259061315,54.44165602,52.6,14.67874549,0.529100537,-1.115581155,-1.044749141,-1.151943922,-0.551806808,0.163878,..,..
Bangladesh,2004,65108544250,5.23953291,469.1164584,4.294,7.587536385,0.689472336,26.85823415,,138789725,1.661191643,..,67.187,51.7,..,..,26.114,40.6,95.52997248,30.79929845,0.269183472,54.71398059,52,14.654173,0.985221684,-1.360476375,-1.175912261,-1.122482061,-0.672145784,0.199036,..,..
Bangladesh,2005,69476001430,6.535944939,493.0432506,4.25,7.046618162,1.170651671,34.39693486,33.2,140912590,1.517975111,24,67.299,49.3,..,99.95349884,26.809,44.2,95.70895752,32.44318376,0.282248733,54.6647871,50.6,14.62960052,2.926829338,-1.863839388,-1.081751704,-0.978551865,-0.569969237,0.241637,..,..
Bangladesh,2006,71795735672,6.671904986,503.3746345,3.591,6.765261171,0.635863904,38.11192443,,142628831,1.210589941,..,67.241,47,..,99.97512054,27.517,50.5,95.88471178,34.08752509,0.299803341,53.19754595,48.6,14.60502804,2.926829338,-1.507097363,-1.005542517,-0.907564044,-0.451236516,1,..,..
Bangladesh,2007,79611644984,7.058599354,552.337247,4.045,9.106984969,0.817756923,39.94238265,,144135934,1.051117194,..,66.714,44.8,46.66360092,98.18898773,28.237,46.5,96.05709845,35.73090119,0.313589393,50.07523823,47.2,14.58045556,13.5922327,-1.543071628,-0.953167856,-0.827155948,-0.573499918,1.8,..,..
Bangladesh,2008,91636997445,6.013789757,630.1483077,4.516,8.901944895,1.449657915,42.62091403,,145421318,0.887833017,..,67.051,42.7,..,95.1065979,28.968,54.3,96.2259786,37.37191663,0.347517136,46.43595425,45.2,14.55588308,15.04854393,-1.508331299,-0.91451782,-0.752373576,-0.442116976,2.5,..,0.43548046
Bangladesh,2009,1.02475E+11,5.045124799,698.5030788,5,5.423472362,0.87951714,40.09279622,,146706810,0.880093476,..,67.403,40.7,..,97.62580109,29.709,57.1,96.39123318,39.00921249,0.366237941,43.4177843,43.1,14.53130983,14.83253574,-1.546771407,-0.866342843,-0.784571469,-0.289043039,3.1,..,0.305861222
Bangladesh,2010,1.15276E+11,5.571788185,776.835744,3.379,8.126676392,1.068967656,37.80284267,32.1,148391139,1.141551337,18.2,68.638,38.9,..,99.73534806,30.462,55.3,96.55282537,40.64186732,0.401305633,42.1588187,40.3,14.50673734,14.76190472,-1.425789475,-0.85759306,-0.801013291,-0.268090695,3.7,..,0.21302152
Bangladesh,2011,1.28607E+11,6.464379125,856.1788328,3.73,11.39516516,0.983399359,47.42084984,,150211005,1.218938691,..,68.809,37.2,59,..,31.225,59.6,96.71059726,42.2683391,0.422064282,52.29511106,38.4,14.4991442,13.74407578,-1.404736876,-0.81707859,-0.733335555,-0.31506893,4.5,..,0.194923395
Bangladesh,2012,1.33311E+11,6.521458779,876.5216529,4.075,6.217504221,1.188503924,48.11092275,,152090649,1.243571246,..,69.554,35.6,58,..,31.993,65.5,96.86438458,43.88689272,0.447700108,65.16383893,37.3,14.49155105,20.85308075,-1.379088998,-0.959472537,-0.936167359,-0.401940674,5,..,0.463362853
Bangladesh,2013,1.49999E+11,6.013605658,973.8286176,4.426,7.530406409,1.735320126,46.29640272,,154030139,1.267157297,..,69.565,34.1,61,..,32.762,61.5,97.01406183,45.49616346,0.46656778,64.3758949,37,14.4839579,21.32701492,-1.627858877,-0.923936903,-0.871759772,-0.405386388,6.63,..,0.29908859
Bangladesh,2014,1.72887E+11,6.061059359,1108.522513,4.406,6.991638892,1.468703055,44.5140802,,155961299,1.245960208,..,69.986,32.7,61,..,33.535,62.4,97.15966368,47.09553667,0.48504469,68.32836451,35.4,14.47636475,18.75,-0.895563185,-0.955160499,-0.782509089,-0.473918706,11.9,..,..
Bangladesh,2015,1.95147E+11,6.552639878,1236.435456,4.382,6.19428023,1.450782463,42.08599631,,157830000,1.191061127,..,70.491,31.4,65,..,34.308,74,97.30110109,48.68381585,0.536230755,64.10842952,33.1,14.46877161,21.90476227,-1.209773779,-0.920240402,-0.770436168,-0.512037396,12.9,..,0.307867108
Bangladesh,2016,2.65225E+11,7.113478213,1659.888173,4.35,5.513525727,0.879528344,31.33415013,32.4,159784568,1.230795354,13.5,71.09,30.1,73,..,35.083,75.9,97.43839091,50.26029221,0.581254505,63.67841413,30.2,14.46877161,18.5714283,-1.259732962,-0.811327994,-0.670857012,-0.583839417,18.1,..,..
Bangladesh,2017,2.93732E+11,6.590249998,1815.47222,4.372,5.702070157,0.616341784,29.99973067,,161793964,1.249724066,..,71.788,28.9,73,109.1253603,35.858,88,97.57149329,51.82403595,0.619278356,58.34397664,28.1,14.46877161,18.5714283,-1.253626704,-0.826628149,-0.681922019,-0.615030944,21.5,..,..
Bangladesh,2018,3.21363E+11,7.31941263,1963.312441,4.532,5.543621395,0.753549137,32.51463172,,163683958,1.161378463,..,72.567,27.8,74,112.4276954,36.632,86.9,97.70041155,53.37426479,0.671929011,59.51357785,27,14.46877161,17.1428566,-0.985568643,-0.849186778,-0.649730861,-0.742027104,25.6,..,..
Bangladesh,2019,3.51232E+11,7.881915151,2122.037652,4.693,5.591996399,0.543244141,31.57805449,,165516222,1.11317249,..,72.806,26.7,75,..,37.405,92.2,97.82513657,54.91023996,0.647432612,50.36452654,26.1,14.46877161,16.19047546,-0.928613365,-0.937222183,-0.644387662,-0.741844893,30.4,..,..
Bangladesh,2020,3.73979E+11,3.448017551,2233.767282,5.828,5.691074747,0.407859895,26.27144738,,167420951,1.14420974,..,71.968,25.7,75,118.4292374,38.177,96.2,97.94567602,56.43123343,0.595972006,42.38137624,27.2,14.46877161,17.1428566,-0.915807784,-0.906213522,-0.56792897,-0.769557953,36.1091,..,..
Bangladesh,2021,4.16272E+11,6.938679124,2457.964466,5.815,5.545654308,0.414118155,27.7240047,,169356251,1.149318476,..,72.381,24.9,76,115.4481807,38.946,99,98.03301971,57.93662462,0.621865443,..,25,14.46877161,18.09523773,-1.036632776,-0.846353292,-0.625113249,-0.77454257,38.9174,..,..
Bangladesh,2022,4.60132E+11,7.099828776,2687.899063,5.247,7.696954372,0.355308724,33.77996727,33.4,171186372,1.074836743,5,73.698,24.1,..,117.6594575,39.711,99.4,98.09706298,59.29519147,0.6371728,..,..,..,15.56603813,-1.092371106,-0.927658916,-0.60133934,-0.752661884,41.6152,..,..
Bangladesh,2023,4.37415E+11,5.77511237,2529.080127,5.06,9.883503038,0.316668222,30.98297141,,172954319,1.027464987,..,..,..,..,111.5953844,40.473,..,..,..,..,..,..,..,..,..,..,..,..,44.5027,..,..
India,2000,4.68396E+11,3.840991157,442.0353304,7.856,4.00943591,0.765211694,26.90092291,,1059633675,1.822184002,..,62.669,66.4,..,93.99777222,27.667,60.3,79.87927122,14.08576181,0.939598867,61.51144978,46.9,22.733495,43.61701965,-1.00120759,-0.159504071,0.348079592,0.352063388,0.527532,0.756990016,..
India,2001,4.8544E+11,4.823966266,449.9103137,8.039,3.779293122,1.05638021,25.99325475,,1078970907,1.808446421,..,63.091,64.5,61,98.99546814,27.918,62,80.4891123,16.72348555,0.937729733,61.90683477,47.1,22.7975676,..,..,..,..,..,0.660146,0.735909998,..
India,2002,5.14939E+11,3.803975321,468.8455131,8.248,4.297152039,1.011569465,29.50866294,,1098313039,1.776767874,..,63.616,62.6,..,98.06572723,28.244,62.3,81.13055718,19.5366221,0.955881759,62.37252215,45.8,22.86164019,36.50793839,-1.210664988,-0.381400049,-0.017395871,0.426245898,1.53788,0.72566998,..
India,2003,6.07701E+11,7.860381476,543.8450534,8.397,3.805858995,0.605887857,30.59243613,,1117415123,1.724269032,..,64.094,60.6,..,106.2232285,28.572,65.4,81.7689909,22.36876586,0.968093305,62.76635396,45.6,22.92571279,40.74074173,-1.50999701,-0.38163045,0.120161645,0.454564899,1.68649,0.719290018,..
India,2004,7.09153E+11,7.922936612,624.108803,8.551,3.767251735,0.765596855,37.50381406,34,1136264583,1.67281087,40.6,64.524,58.7,..,..,28.903,64.4,82.40450807,25.22008398,1.026867261,62.94617225,44.9,22.98978538,37.93103409,-1.28043294,-0.37812984,0.053356059,0.399967372,1.97614,0.756900012,..
India,2005,8.20384E+11,7.923430621,710.5112225,8.697,4.24634362,0.886098378,42.00166961,,1154638713,1.604129169,..,64.996,56.8,..,..,29.235,68.8,83.0367817,28.08953667,1.053586967,62.76981905,44.2,23.05385798,44.87804794,-1.013880491,-0.291889518,0.133130163,0.41368565,2.38807,0.824109972,..
India,2006,9.4026E+11,8.060732572,802.013742,8.614,5.796523376,2.130168425,45.7244805,,1172373788,1.52430796,..,65.412,54.8,63,..,29.569,67.9,83.6659241,30.9773053,1.107472389,61.19510992,43.2,23.11793057,47.31707382,-1.065184236,-0.283315152,0.178989619,0.437193722,2.8055,0.804729998,..
India,2007,1.21674E+12,7.660815067,1022.732467,8.534,6.372881356,2.073394047,45.68626868,,1189691809,1.46637175,..,65.788,52.8,..,114.1143188,29.906,72.3,84.2920134,33.88350114,1.188409712,58.02113499,41.5,23.18200317,41.26213455,-1.154295802,-0.313716233,0.096898161,0.453963935,3.95,0.805069983,..
India,2008,1.1989E+12,3.086698059,993.5034053,8.486,8.349267049,3.620523235,53.36822044,,1206734806,1.422391509,..,66.149,50.8,..,114.6265564,30.246,74.1,84.91499745,36.80784258,1.245997292,54.3676481,39.4,23.24607576,43.68931961,-1.109707355,-0.413643241,0.09585046,0.462193102,4.38,0.858759999,..
India,2009,1.34189E+12,7.861888833,1096.636136,8.406,10.88235294,2.651590332,46.27286964,34.9,1223640160,1.39119493,33.5,66.513,48.7,..,113.0516815,30.587,75,85.53459122,39.74941111,1.34315165,51.35440313,37.4,23.31014836,39.23445129,-1.355547905,-0.34953326,0.017980825,0.46074909,5.12,0.833140016,9.56530523
India,2010,1.67562E+12,8.497584702,1350.63447,8.318,11.98938992,1.635034094,49.2552065,,1240613620,1.377595812,..,66.909,46.7,..,112.5279465,30.93,76.3,86.15087227,42.70831536,1.405909601,50.10115395,36.2,23.37422095,39.04761887,-1.2779845,-0.410472035,-0.035810821,0.443312973,7.5,0.788489997,7.72334081
India,2011,1.82305E+12,5.241316199,1449.603301,8.222,8.911793365,2.002063463,55.62388001,35.4,1257621191,1.361588085,22.9,67.359,44.6,69,109.7079029,31.276,79.5,86.76390529,45.68459284,1.472025689,61.70862421,35,23.46382169,35.54502487,-1.32679534,-0.363154948,-0.08629714,0.435818583,10.07,0.755020022,7.868565007
India,2012,1.82764E+12,5.456387552,1434.017987,8.156,9.478996914,1.31293453,55.79372173,,1274487215,1.33219205,..,67.887,42.5,..,111.7755737,31.634,79.9,87.37450795,48.6803119,1.587754099,74.00316075,34.8,23.55342242,36.4928894,-1.289309859,-0.480885625,-0.062880747,0.399454206,11.1,0.743990004,7.699918013
India,2013,1.85672E+12,6.386106401,1438.057005,8.088,10.01787847,1.516276467,53.84413195,,1291132063,1.297548835,..,68.46,40.5,..,113.4167786,32.003,83.1,87.98236686,51.69445375,1.614204433,76.25017683,34.9,23.64302315,36.96682358,-1.229174137,-0.478094786,-0.045691311,0.432780147,12.3,0.706420004,8.86996678
India,2014,2.03913E+12,7.410227605,1559.863779,7.992,6.665656719,1.69565959,48.92218575,,1307246509,1.240362184,..,69.074,38.5,..,111.5845413,32.384,85.1,88.58737184,54.72651883,1.716173028,79.03739571,33.9,23.73262388,39.90384674,-0.99791199,-0.475076437,-0.068644837,0.41331318,13.5,0.701590002,9.217166203
India,2015,2.10359E+12,7.996253786,1590.174331,7.894,4.906973441,2.092115214,41.92291387,34.7,1322866505,1.18779532,18.8,69.636,36.5,..,112.9378433,32.777,88,89.1893093,57.77572014,1.7087762,73.81099141,33.4,23.82222461,42.8571434,-0.954773545,-0.424956709,-0.069937095,0.427884758,14.9,0.693099976,8.021878855
India,2016,2.2948E+12,8.256305502,1714.279537,7.8,4.948216341,1.937364122,40.08248571,34.7,1338636340,1.185046229,18.1,70.117,34.7,..,119.5128326,33.182,89.6,89.78796094,60.84125721,1.720957538,75.78900353,33,23.91182535,43.80952454,-0.960426509,-0.311531931,-0.055489417,0.440999389,16.5,0.669839978,7.660357231
India,2017,2.65147E+12,6.795383419,1957.969813,7.723,3.328173375,1.507315833,40.74249695,35.9,1354195680,1.155624491,13.4,70.467,32.9,..,117.8681717,33.6,91.8,90.38318358,63.83038915,1.797468295,67.31227139,32.5,24.00142608,45.7142868,-0.774099052,-0.256514043,-0.029448533,0.387068421,18.2,0.66602999,7.360672823
India,2018,2.70293E+12,6.453851345,1974.377731,7.652,3.938826467,1.558214838,43.61696933,34.5,1369003306,1.087527722,11.1,70.71,31.3,..,101.097956,34.03,95.7,90.97467558,66.74811677,1.879912407,68.12095251,32.9,24.09102681,47.61904907,-0.997705162,-0.225996733,-0.000957083,0.360433936,20.0813,0.66000998,9.03473422
India,2019,2.83561E+12,3.871436941,2050.1638,6.51,3.729505735,1.78482634,39.90540353,33.8,1383112050,1.025310772,13.2,70.91,29.7,..,99.50392361,34.472,95.9,91.56222114,69.66314609,1.83742597,59.89198088,33.5,24.18062754,44.76190567,-0.796840608,-0.150565445,-0.06662368,0.268094271,29.5235,0.659420013,10.22349936
India,2020,2.67485E+12,-5.777724707,1915.551588,7.859,6.623436776,2.406203227,37.75810533,33.8,1396387127,0.955220858,15.5,70.15,28.1,..,101.2912534,34.926,96.5,92.14560477,72.57510232,1.661916424,48.39481152,36.1,24.27022827,45.23809433,-0.841136158,-0.128488675,-0.057718564,0.126321062,43.4054,0.64635998,11.0322568
India,2021,3.16727E+12,9.689592492,2250.179018,6.38,5.131407472,1.41217101,45.42308878,32.8,1407563842,0.797216094,12.9,67.24,26.8,..,102.3161233,35.393,99.6,92.72465388,75.48373765,1.796105743,..,34.9,24.35982901,45.23809433,-0.691997945,-0.090854593,-0.108277,0.090988867,..,..,10.21221554
India,2022,3.35347E+12,6.987039326,2366.309609,4.822,6.699034141,1.489211205,49.96531997,,1417173173,0.680372581,..,67.744,25.5,76,111.0844556,35.872,99.2,93.29909578,78.38855995,1.90028583,..,..,..,44.3396225,-0.568608165,-0.050446417,0.114700042,0.050905809,..,..,12.48172802
India,2023,3.54992E+12,7.583971124,2484.845429,4.172,5.649143189,0.7907283,45.85392815,,1428627663,0.805014301,..,..,..,77,112.0312309,36.364,..,..,..,..,..,..,..,..,..,..,..,..,..,..,..
Maldives,2000,624337145.3,3.845810232,2209.988231,1.97,-1.174756812,3.573781889,,,282507,1.568301447,..,70.876,31.8,96,127.2887802,27.706,83.8,93.81617524,74.85341458,2.484186233,16.80604798,2.3,2.733333333,47.3404274,1.180719733,0.98718679,0.253678381,-0.758386791,2.20387,..,..
Maldives,2001,870031676.8,-3.943634289,3028.05083,3.062,0.67257737,2.360954642,,,287324,1.690716983,..,72.181,28.7,..,124.8510818,28.859,87.5,94.19996753,76.26215418,2.100068216,16.56951346,2.3,2.733333333,..,..,..,..,..,3.61729,..,..
Maldives,2002,897031250,7.26838641,3069.039872,4.142,4.178672399,2.755600741,,41.3,292284,1.711543347,6.6,73.291,25.6,..,122.174881,30.042,88.3,94.57652949,77.65151251,2.46609462,16.42794891,1.8,2.733333333,52.38095093,1.07719624,0.939704359,-0.069341622,-0.839590251,5.34777,..,..
Maldives,2003,1052121055,13.75004966,3539.801547,5.201,-1.260651135,3.020036091,,,297226,1.676685986,..,74.06,22.9,..,121.5269623,31.252,89.1,94.94539745,79.01984957,2.068123246,16.32516338,2.2,2.733333333,57.1428566,1.032264709,0.926884115,0.079446733,-0.999485612,5.97659,..,..
Maldives,2004,1226829563,5.816366933,4060.534405,6.256,-1.685412125,4.314674454,,,302135,1.638114517,..,73.538,21.5,..,120.154892,32.49,90,95.30630475,80.3664466,2.596190445,16.20496593,1.7,2.733333333,46.79803085,0.501932442,-0.015420588,-0.298393637,-1.19482708,6.58825,..,..
Maldives,2005,1163362438,-11.22316621,3789.232024,7.394,1.300275009,4.554996736,,,307018,1.603244043,..,74.751,18.4,..,114.2222672,33.75,90.9,95.6587151,81.68922835,2.369567908,16.01116561,2,2.733333333,41.46341324,0.811711967,0.516670823,0.09036915,-0.979869902,6.86961,..,..
Maldives,2006,1575200391,23.60579828,5010.163424,8.478,2.738421316,4.051980515,,,314401,2.376286342,..,75.13,16.6,98,112.6583786,34.794,91.7,95.99455718,82.94542377,2.815194608,15.71448915,1.6,2.733333333,32.68292618,0.758358777,0.406536967,-0.034912698,-1.005972266,11.0364,..,..
Maldives,2007,1868383461,7.12342766,5746.644258,9.537,6.794773539,7.088056791,,,325126,3.354355829,..,75.686,15.1,..,107.7691498,35.2,92.6,96.3039887,84.0726027,2.698646063,15.31800152,1.5,2.733333333,19.90291214,0.083186485,0.056400053,-0.131116077,-0.927418411,16.3,..,..
Maldives,2008,2271646188,8.979816872,6743.130961,10.515,12.04145835,7.979034445,,,336883,3.552288956,..,76.543,13.9,..,105.4940567,35.61,93.6,96.62838782,85.33349244,2.844014094,14.8140192,1.5,2.733333333,21.35922241,-0.164438739,-0.373797566,-0.171761319,-0.301234484,23.2,..,..
Maldives,2009,2345294875,-8.157763215,6719.330257,11.697,4.530176591,6.735340125,,38.4,349037,3.544224471,3.8,77.069,12.8,..,104.6865768,36.021,99.9,96.94978433,86.58907527,2.925477815,14.19485865,1.5,2.733333333,28.7081337,-0.229707628,-0.38104254,-0.151592925,-0.048458017,24.8,..,..
Maldives,2010,2588176055,6.835471356,7158.061411,10.851,6.149885368,8.363764331,,,361575,3.529155518,..,77.657,11.9,..,102.2071183,36.434,99,97.26817969,87.83941977,2.963700477,13.45283633,1.4,2.733333333,36.66666794,-0.166243851,-0.38403827,-0.319186181,-0.062693395,26.53,..,..
Maldives,2011,2774350240,8.572699128,7409.331909,10.01,11.27341461,15.26594075,,,374440,3.496208754,..,78.124,11.2,..,100.4849151,36.849,99.1,97.58354875,89.08443083,3.119057793,12.07395543,1.3,2.733333333,35.0710907,-0.242630184,-0.38474986,-0.542268932,-0.156640366,34,..,..
Maldives,2012,2886163997,2.363747489,7447.415608,9.142,10.88469566,7.898957472,,,387539,3.438491239,..,78.682,10.4,..,97.55838909,37.267,99.2,97.8958735,90.32412361,3.791102315,12.9660176,1.2,2.733333333,27.96208572,-0.365171462,-0.401814729,-0.544501007,-0.468655318,38.9301,..,..
Maldives,2013,3295009238,6.963246632,8222.558038,8.298,3.805630009,10.95038922,,,400728,3.346640402,..,79.057,9.7,..,95.74953609,37.685,99.4,98.20509988,91.55806361,4.088558823,13.24011392,1.3,2.733333333,25.11848259,0.125037372,-0.457175404,-0.748006761,-0.459633738,44.1,..,..
Maldives,2014,3697353039,7.801094807,8872.128386,7.461,2.120001757,9.016591451,,,416738,3.917483406,..,79.424,9,99,96.80260293,38.106,100,98.51123658,92.78649863,5.323968537,11.72584273,1.2,2.733333333,44.71154022,0.679096162,-0.374468446,-0.520292759,-0.372204363,49.28,..,..
Maldives,2015,4129505319,3.971715703,9480.431513,6.612,0.953206659,7.215779382,,,435582,4.422534092,..,79.695,8.4,..,99.01308833,38.529,99.8,98.8142446,93.97349261,3.740283115,10.80856143,1.5,2.733333333,38.57143021,0.411403716,-0.432607949,-0.587077856,-0.517903209,54.462,..,..
Maldives,2016,4409942624,6.572236066,9708.141349,5.77,0.502509414,10.35476187,,31.3,454252,4.196904224,0,79.872,7.7,98,98.10444614,38.954,100,99.11409292,95.06128905,3.909724118,12.37548719,1.2,2.733333333,31.4285717,0.408033192,-0.495872647,-0.394261837,-0.732977569,59.5,..,0.025307379
Maldives,2017,4816426257,7.054539014,10194.74614,5.376,2.817473382,9.505145292,,,472442,3.926287795,..,79.943,7.1,94.50550842,96.94364239,39.38,99.8,99.41077592,96.13976183,3.967047807,11.33337061,1.3,2.733333333,22.38095284,0.224531189,-0.437854588,-0.63834554,-0.741155207,65,..,0.14397589
Maldives,2018,5404344163,8.668006242,11034.7236,4.959,-0.133373386,10.65176478,,,489758,3.599640348,..,80.013,6.5,..,96.58923605,39.808,100,99.49723018,97.20885134,4.385022807,12.50346193,1.3,2.733333333,18.09523773,0.082971118,-0.531163573,-0.55726546,-0.675655544,70.9,..,..
Maldives,2019,5726094799,7.298335745,11349.85927,4.562,0.220029731,16.78347284,,29.3,504508,2.96723054,0,80.116,6,98.21186066,97.12785002,40.238,100,99.52720781,98.26842792,5.023706264,12.31398191,1.3,2.733333333,46.66666794,0.027608531,-0.551773667,-0.411952257,-0.463619083,77.4697,..,..
Maldives,2020,3712604583,-32.90882878,7216.816377,5.404,-1.369774256,11.87068807,,,514438,1.949134572,..,79.875,5.5,..,97.83045016,40.669,100,99.54444506,99.15534209,3.982598486,12.01239117,1.6,2.733333333,43.33333206,0.362981379,-0.588554084,-0.303693801,-0.323318839,79.0978,..,..
Maldives,2021,5254366312,37.68719229,10076.31753,5.021,0.543149689,12.23421961,,,521457,1.355177392,..,79.918,5.1,97.86000061,..,41.102,100,99.56211426,99.70015787,4.087010051,..,1.4,2.733333333,41.42856979,0.534778357,-0.613875866,-0.186269343,-0.229317337,85.2343,..,2.011251894
Maldives,2022,6170638746,13.90667638,11780.81691,4.424,2.333143376,11.86630965,,,523787,0.445829655,..,80.839,4.8,..,95.36725825,41.536,100,99.55834608,99.70053886,4.164097238,..,1.2,..,39.62264252,0.667752326,-0.657294631,-0.027355907,-0.243848056,83.9119,..,4.096414731
Maldives,2023,6600000000,3.972795846,12667.43567,4.127,2.927465424,11.53812401,,,521021,-0.529476509,..,..,..,..,97.54308686,41.971,..,..,..,..,..,..,..,..,..,..,..,..,..,..,..
Sri Lanka,2000,16330814180,6.000033158,869.7534886,7.74,6.17627591,1.05898829,88.6364417,,18776371,0.565924638,..,70.355,14.4,..,..,18.38,70.3,82.84719118,76.7684659,0.609745089,26.65982245,64.2,34.54664328,50,-1.904112697,0.158748269,0.159529582,-0.190723956,0.64741,0.143920004,..
Sri Lanka,2001,15749753805,-1.545408134,832.4273196,7.9,14.1584558,1.090747209,80.89860153,,18920275,0.763488078,..,70.787,13.8,91,104.3644638,18.365,63.6,83.13201396,77.56522868,0.600213263,26.72280951,62.9,34.44649976,..,..,..,..,..,0.793822,..,..
Sri Lanka,2002,16536535647,3.964675685,865.3021391,8.76,9.55103167,1.188277909,76.33513178,40.2,19110707,1.00146555,11,71.117,13.4,..,102.9921112,18.349,80.7,83.42086603,78.36539126,0.621682913,26.72066158,62.1,34.34635624,50.26454926,-0.777628899,0.124769226,0.338851631,-0.088549092,1.05042,..,..
Sri Lanka,2003,18881765437,5.940269078,978.1686456,8.22,6.314637871,1.211327409,75.33624733,,19303180,1.002109527,..,71.373,13,..,100.4747314,18.334,75,83.70986532,79.1689156,0.665569093,26.64635358,61.3,34.24621273,47.61904907,-0.833158433,0.034730762,0.244941875,-0.092452683,1.45858,..,..
Sri Lanka,2004,20662525941,5.445061279,1060.136943,8.38,7.57592583,1.126677351,79.4829449,,19490431,0.9653778,..,67.091,17.6,..,96.01554108,18.319,76.5,83.99888305,79.97582616,0.681195813,26.49286042,61.6,34.14606921,50.73891449,-1.010440588,-0.083361119,0.21113658,-0.164139301,1.44616,0.182099998,..
Sri Lanka,2005,24405791045,6.241748044,1240.518312,7.67,11.6396861,1.116128543,73.60397296,,19673866,0.936752887,..,72.118,12.1,..,98.10224152,18.303,78.1,84.28778189,80.78612958,0.732880868,26.25315698,60.1,34.04592569,46.82926941,-1.152236819,-0.423394442,0.158469424,-0.206795961,1.79205,..,..
Sri Lanka,2006,28279802406,7.668291901,1423.190621,6.5,10.02018361,1.69626362,71.26117849,39.7,19870706,0.995543084,5.6,71.969,11.5,91,97.6338501,18.288,82.1,84.57683092,81.59980672,0.648623154,25.85834859,62.2,33.94578217,51.21951294,-1.421550751,-0.272532344,0.177752674,-0.310158849,2.53757,0.174199998,..
Sri Lanka,2007,32350238760,6.796826119,1611.175587,5.97,15.84211149,1.863973878,68.60651166,,20078655,1.041072362,..,72.049,10.8,..,96.77477264,18.272,80,84.86576533,82.41687667,0.702880746,25.24261851,60.2,33.84563865,52.91262054,-1.751283646,-0.297004074,0.131876916,-0.435254872,3.88,..,..
Sri Lanka,2008,40713826215,5.950088145,2007.026655,5.22,22.56449553,1.847529623,63.36904361,,20285643,1.025608395,..,71.729,10.3,91,95.73592377,18.257,82.9,85.15484745,83.2373247,0.655636107,24.40355857,61.6,33.74549514,50.48543549,-1.798595548,-0.385201991,-0.000771665,-0.464874476,..,0.114440002,1.877681292
Sri Lanka,2009,42066224093,3.538912053,2053.766451,5.85,3.464963221,0.960390453,49.14914153,36.1,20482477,0.965634567,3.5,69.187,13.6,..,93.38205719,18.242,87.1,85.44394294,84.06115683,0.623747802,23.33876057,63.5,33.64535162,42.5837326,-1.340903044,-0.294943988,-0.101635471,-0.480314404,..,..,0.97931972
Sri Lanka,2010,58636161082,8.01596737,2836.974109,4.784,6.217648893,0.814444519,,,20668557,0.904381981,..,73.215,9.6,91,97.78184632,18.226,85.3,85.73292143,84.88837381,0.653978892,22.04581633,61.9,33.5452081,41.90476227,-0.942946851,-0.248191312,-0.118414134,-0.505228579,..,0.132410005,1.1300716
Sri Lanka,2011,67753284044,8.669483012,3248.04021,4.118,6.716768436,1.41088364,,,20859743,0.920756933,..,73.38,9.3,..,97.40403698,18.211,87.8,86.022042,85.71897215,0.762545349,19.30672088,56.4,33.62557806,42.65402985,-0.72477144,-0.131351128,-0.117064774,-0.545052946,..,..,1.035499489
Sri Lanka,2012,70447216891,8.63218138,3351.892476,3.88,7.542913732,1.335917347,,38.7,21017147,0.751749909,2.6,73.906,8.9,..,97.17951847,18.196,87,86.31118264,86.55296335,0.851347711,20.91318537,52.9,33.70594801,50.23696518,-0.717079222,-0.125741094,-0.114084356,-0.575279295,..,..,0.950917429
Sri Lanka,2013,77000578167,4.051746329,3643.832447,4.186,6.908450348,1.211096514,,,21131756,0.543830441,..,74.239,8.4,..,97.27498045,18.198,90.2,86.60239813,87.39031175,0.702052399,21.9721782,56.9,33.78631797,52.13270187,-0.612895429,-0.166235015,-0.265588671,-0.594175637,..,0.0973,1.039212636
Sri Lanka,2014,82528535714,6.377978893,3885.623616,4.157,3.179002282,1.082812112,,,21239457,0.508369831,..,74.651,8,..,97.43375161,18.218,92.7,86.89574122,88.23107342,0.841787057,19.78312654,54.2,33.86668793,45.67307663,-0.330464035,-0.10895326,-0.149271369,-0.667191744,10.5,0.096050002,0.954465708
Sri Lanka,2015,85140955389,4.205955476,3990.353117,4.519,3.768367831,0.798271104,46.91797081,,21336697,0.456782306,..,74.927,7.5,..,97.529105,18.256,94.3,87.19113279,89.07529907,0.923680924,17.91170462,51.3,34.39516585,43.33333206,0.083182663,-0.0587589,0.031726025,-0.29613018,15.26,0.102909997,0.891656274
Sri Lanka,2016,88012282206,5.053624893,4107.829775,4.243,3.958888466,1.019232036,46.47153703,39.3,21425494,0.415306726,1.3,75.331,7.1,92,97.53140438,18.311,97.5,87.48839096,89.92305123,1.096072744,19.52137197,45.1,34.34411,44.2857132,-0.01134005,-0.123026699,0.107241459,-0.081050552,22.19,0.120339997,0.943903914
Sri Lanka,2017,94376237797,6.460681271,4388.201906,4.046,7.704137679,1.454521896,47.1404098,,21506813,0.378824726,..,75.403,6.8,92,97.64883842,18.384,97.5,87.78755272,90.774373,1.088162156,18.34920163,45.8,34.29305414,39.52381134,-0.07544852,-0.162157983,0.026702216,-0.061878327,25.1,0.118179999,1.019916648
Sri Lanka,2018,94493871201,2.310084252,4360.584735,4.318,2.135037737,1.708093857,49.80939675,,21670000,0.755904689,..,75.748,6.5,92,97.27960308,18.476,99.6,88.0886564,91.62931766,1.014250115,20.84783509,47.9,34.25804992,42.38095093,-0.139389724,-0.217681855,-0.00040862,-0.008067985,28.3,0.119489998,..
Sri Lanka,2019,89014978344,-0.220483886,4082.694049,4.67,3.528393582,0.835214753,49.42552585,37.7,21803000,0.611875946,1,76.008,6.2,92,97.27720773,18.585,99.8,88.39140851,92.48794077,1.083988442,19.77980365,46.1,34.20671025,44.2857132,-0.215569809,-0.232445598,0.039557587,-0.089097887,32,..,1.102102874
Sri Lanka,2020,84304298771,-4.624515816,3846.174496,5.365,6.153945084,0.5148915,37.0891205,,21919000,0.53062656,..,76.393,6,92,97.47865615,18.713,100,88.69595431,93.35029014,1.011797983,19.96444086,49.3,34.15809893,43.80952454,-0.089156918,-0.225914791,-0.007581946,-0.052087277,36.1847,0.115970001,1.256371154
Sri Lanka,2021,88609332762,4.207485977,3999.338002,5.258,7.014780712,0.668428428,41.22997175,,22156000,1.075449957,..,76.399,5.7,92,96.87175547,18.86,100,89.00221413,94.21641465,0.955510923,..,48.8,34.10701584,42.8571434,-0.376803756,-0.38943544,0.017869212,-0.074099243,44.4531,..,1.045164027
Sri Lanka,2022,74144875098,-7.346764384,3342.720125,6.33,49.72110211,1.19246339,46.68143828,,22181000,0.11277264,..,76.61,5.6,92,95.91586286,19.026,100,89.31010729,95.08636078,0.83566566,..,..,..,40.09434128,-0.785569847,-0.653642833,-0.056925315,-0.191544354,50.1067,..,1.086353124
Sri Lanka,2023,84356860421,-2.298045112,3827.964806,6.36,16.54117423,0.84382728,42.27772006,,22037000,-0.65132077,..,..,..,..,..,19.211,..,..,..,..,..,..,..,..,..,..,..,..,..,..,..
Nepal,2000,5494252208,6.199999982,223.7118919,10.622,2.478820207,-0.008824253,55.710589,,24559500,1.709775886,..,62.614,58.5,..,114.627739,13.397,29.9,79.66978885,13.96430342,0.139225147,57.91037719,88.3,40.32619463,36.70212936,-1.163825631,-0.656351626,-0.210961655,-0.280598551,0.204652,..,..
Nepal,2001,6007055042,4.799892143,240.7051592,10.615,2.688303735,0.347091875,55.79992108,,24956071,1.601837449,..,63.336,55.7,49,107.468277,13.947,24.6,80.32528079,16.51268744,0.146461356,58.28387271,87.8,40.45264737,..,..,..,..,..,0.240015,..,..
Nepal,2002,6050875807,0.120143177,238.8612541,10.655,3.029399487,-0.098374869,46.2307185,,25332178,1.495832606,..,63.264,53.1,..,112.2343216,14.24,36.4,80.93642244,19.07652302,0.117806688,58.76927791,90,40.5791001,40.2116394,-1.717462897,-0.590202868,-0.517511368,-0.79815954,0.312956,..,..
Nepal,2003,6330473097,3.945037761,246.4858378,10.677,5.707009319,0.233443621,44.24788362,43.8,25682908,1.375026697,40.3,64.197,50.7,..,112.0409698,14.538,39.6,81.54126796,21.70987545,0.131916526,59.23544996,89.4,40.70555284,34.92063522,-1.891852379,-0.414270848,-0.61063081,-0.920003414,0.382811,..,..
Nepal,2004,7273938315,4.682603252,279.7242003,10.68,2.841811312,-0.005737557,46.14728672,,26003965,1.242331411,..,64.818,48.5,..,114.8928986,14.841,37.2,82.13971392,24.41227344,0.112555912,59.55124604,90.3,40.83200558,18.22660065,-2.149138451,-0.52077055,-0.753035843,-1.134827137,0.449844,..,..
Nepal,2005,8130258378,3.479181048,309.3104186,10.652,6.836332659,0.030156295,44.06294748,,26285110,1.075359276,..,65.457,46.5,..,115.4856796,15.149,46.1,82.73166532,27.18323537,0.124625691,59.58552333,89.5,40.95845832,23.90243912,-2.098404884,-0.530171871,-0.825216174,-1.146815538,0.826551,..,..
Nepal,2006,9043715356,3.364614781,341.02814,10.659,6.920335807,-0.073509433,44.76198776,,26518971,0.88577445,..,65.868,44.6,..,129.8235474,15.462,51.2,83.31703813,30.02227084,0.102277724,58.32385513,91.2,41.08491106,28.78048706,-1.894450188,-0.523552716,-0.621390879,-0.908803642,1.14139,..,..
Nepal,2007,10325618017,3.41156028,386.5295864,10.672,2.269219244,0.055606415,44.57927502,,26713655,0.731449423,..,66.329,42.9,..,131.2217255,15.781,52.6,83.89582312,32.92902553,0.104512093,55.5324688,91.3,41.21136379,23.30097008,-1.88537848,-0.580034494,-0.588803828,-0.585561931,1.41,..,..
Nepal,2008,12545438605,6.104639144,466.6933791,10.65,9.907830053,0.007932157,46.03620635,,26881544,0.626509659,..,66.421,41.2,..,129.5191956,16.105,56,84.4678254,35.90281154,0.114777633,52.25120261,90.5,41.33781653,21.84465981,-1.834287405,-0.646401107,-0.669306338,-0.496126413,1.73,0.054389998,..
Nepal,2009,12854985464,4.533078725,475.6359761,10.64,11.09482374,0.297715389,47.07944776,,27026941,0.539422885,..,66.761,39.7,..,141.4710999,16.434,59.3,85.03294997,38.94309705,0.150361079,49.51989483,88.9,41.46426927,26.31579018,-1.620081186,-0.722060025,-0.867817461,-0.441024661,1.97,0.259240001,0.428628769
Nepal,2010,16002656434,4.816414647,589.1654349,10.629,9.326504107,0.548294666,45.98490577,32.8,27161567,0.496881283,8.2,66.814,38.2,..,146.5405579,16.768,68.6,85.59110733,42.04934037,0.176153313,48.37838373,87.3,41.59072201,27.1428566,-1.583971143,-0.761707723,-0.959066808,-0.447481632,7.93,0.30219999,0.686184565
Nepal,2011,21573872421,3.421808701,791.2255821,10.653,9.227075461,0.435814931,36.29675889,,27266399,0.38521421,..,67.313,36.7,60,150.3542404,17.108,67.3,86.14227181,45.22110125,0.196593617,57.74057448,87,41.59072201,23.22274971,-1.416443586,-0.734936655,-0.89161092,-0.445125788,9,..,0.415308033
Nepal,2012,21703100877,4.670141924,794.0925641,10.654,9.459809804,0.423691511,37.92190606,,27330694,0.235525469,..,67.47,35.2,..,147.8899892,17.458,75.2,86.68653071,48.45818056,0.228065925,71.40605466,84.7,41.59072201,22.74881554,-1.381232262,-0.805144668,-0.737359285,-0.642363489,11.1493,..,0.136727858
Nepal,2013,22162204925,3.525153171,809.3844533,10.667,9.040163119,0.334712331,41.86537574,,27381555,0.185921857,..,67.965,33.8,..,144.305934,17.815,77.4,87.22355971,51.75956325,0.229603468,71.4182306,86,41.59072201,28.90995216,-1.129146099,-0.858153939,-0.718928397,-0.528574824,13.3,..,0.321841426
Nepal,2014,22731612922,6.011482843,827.7447084,10.647,8.364154697,0.133746237,45.98264161,,27462106,0.293747924,..,68.085,32.4,..,141.9366322,18.182,84.9,87.75332524,55.12480762,0.26548583,75.11797417,84,41.59072201,33.17307663,-0.72459954,-0.847787738,-0.649084508,-0.430445671,15.44,..,0.719637873
Nepal,2015,24360801287,3.976053272,882.3076616,10.655,7.868908956,0.213029528,46.66573039,,27610325,0.53827062,..,67.456,31,..,142.9910284,18.557,82,88.27558063,58.55299334,0.2661613,70.93619553,85.2,41.59072201,32.38095093,-0.997430027,-0.831647515,-0.692901909,-0.415430844,17.5816,..,0.635275667
Nepal,2016,24524109484,0.433113719,880.2248936,10.684,8.79034332,0.432212944,42.11548612,,27861186,0.904474047,..,68.776,29.7,65.50100708,143.414505,18.942,90.7,88.79020539,62.04347519,0.389925971,72.40748542,79.4,41.59072201,22.38095284,-0.846989989,-0.789327502,-0.810879767,-0.251382679,20.7,..,0.822554673
Nepal,2017,28971588940,8.977279356,1027.965477,10.66,3.627096107,0.677439884,44.64241062,,28183426,1.149953723,..,68.91,28.4,..,140.8214111,19.336,86.6,89.29699309,65.59537452,0.47439229,64.64427161,76.8,41.59072201,23.80952454,-0.5841012,-0.740814745,-0.694215536,-0.19951579,24.3,..,1.184259948
Nepal,2018,33111525237,7.622376104,1161.534352,10.63,4.061163388,0.206157202,48.44738695,,28506712,1.140549365,..,68.979,27.2,..,..,19.74,93.9,89.79577585,69.20789092,0.536031655,64.21083228,75,41.59072201,27.1428566,-0.542416573,-0.775707901,-0.491404861,-0.129691318,28.6,..,0.630576368
Nepal,2019,34186180699,6.657055431,1185.682318,10.578,5.568685478,0.54280198,49.24952659,,28832496,1.136351607,..,69.558,26,68.71250153,136.6656647,20.153,89.9,90.28636635,72.88012795,0.481671791,57.27501793,78.2,41.59072201,27.1428566,-0.452942908,-0.735730886,-0.553631186,-0.150054276,34.8055,..,1.074529846
Nepal,2020,33433659301,-2.369620629,1139.189895,13.157,5.052366553,0.378739091,40.9188656,,29348627,1.774268056,..,69.246,24.9,..,121.1866837,20.576,89.9,90.76858353,76.61121214,0.510153337,45.72077064,73.1,41.59072201,29.04761887,-0.180229142,-0.735240161,-0.512035429,-0.084038779,37.6984,..,2.448800144
Nepal,2021,36924841394,4.838149614,1229.394204,12.315,4.149680034,0.531690907,43.05380479,,30034989,2.311723712,..,68.45,23.9,71.15000153,118.3385537,21.008,89.9,91.24225081,80.40022366,0.524208615,..,73.7,41.59072201,32.38095093,-0.188807815,-0.642471373,-0.48886165,-0.084464759,41.6083,..,1.247831571
Nepal,2022,41182939601,5.631314559,1348.15719,10.922,7.650791768,0.158939274,48.97340148,30,30547580,1.692246601,0.4,70.484,23,..,118.8039516,21.451,91.3,91.23509651,80.39270303,0.518774319,..,..,..,33.96226501,-0.251907498,-0.650234938,-0.448678464,-0.0491594,49.5609,..,0.538949755
Nepal,2023,40908073367,1.952544633,1324.031984,10.685,7.114759517,0.180483792,41.63749471,,30896590,1.136035375,..,..,..,..,122.9840624,21.903,..,..,..,..,..,..,..,..,..,..,..,..,..,..,..
Pakistan,2000,99484802345,4.260088011,644.457157,0.597,4.366664513,0.309595026,21.45996933,,154369924,3.075552912,..,62.102,84.8,..,63.47122955,32.982,72.8,87.36402076,30.9057923,0.710499799,59.16341563,51,5.852091117,22.87234116,-1.104804635,-0.766920447,-1.000389218,-1.220253587,..,0.115659997,..
Pakistan,2001,97145618480,3.651350171,610.1432316,0.595,3.148261446,0.389106586,23.57720884,28.7,159217727,3.092079184,33.3,62.421,82.9,..,63.47180939,33.18,73.9,87.60278309,32.80766837,0.705394444,59.26193463,51.5,5.797928342,..,..,..,..,..,1.31855,0.151649997,..
Pakistan,2002,97923302809,2.594816684,599.7894108,0.597,3.290344726,0.8435173,23.1290206,,163262807,2.50885976,..,62.626,81.1,..,63.84201813,33.38,74.9,87.83853927,34.70445497,0.691158642,59.34946089,51.4,5.743765567,20.1058197,-1.637678623,-0.877513707,-0.931637406,-1.109006166,2.57743,0.198870003,..
Pakistan,2003,1.12372E+11,5.401310873,673.382966,0.595,2.914134701,0.475207712,24.65016612,,166876680,2.189388121,..,62.843,79.5,..,65.76925659,33.58,76,88.07328112,36.59515911,0.699751457,59.36998418,50.1,5.689602792,24.33862495,-1.54904592,-0.827369988,-0.920624614,-1.170764208,5.04116,..,..
Pakistan,2004,1.32216E+11,7.83125557,774.7853357,0.588,7.444624693,0.845585702,24.80834087,30.9,170648620,2.235149207,20.2,63.052,78.1,..,69.64685822,33.781,77,88.30713702,38.48021693,0.764313828,59.26749427,47.9,5.635440017,10.83743858,-1.582877994,-1.049112082,-0.994449377,-1.142131209,6.16432,..,..
Pakistan,2005,1.45209E+11,7.276574436,832.7511375,0.582,9.06332737,1.515750831,29.878498,31.3,174372098,2.158492155,20.3,62.466,76.8,50,73.18280792,33.982,78.1,87.99057987,40.35915769,0.761454393,58.98598095,48,5.581277242,14.63414669,-1.751388311,-0.641119778,-0.890321434,-0.976286173,6.33233,0.398490012,..
Pakistan,2006,1.61871E+11,6.051637676,909.0324033,0.582,7.921084401,2.639750062,33.04971214,,178069984,2.098513142,..,63.731,75.5,54,69.86380768,34.184,79.1,88.14406172,42.2129055,0.807902021,57.44540129,47,5.527114467,22.43902397,-2.024678469,-0.479762465,-0.857247531,-0.886475444,6.5,..,..
Pakistan,2007,1.84141E+11,4.44481434,1012.182794,0.398,7.598684411,3.035719338,30.78788045,29.7,181924521,2.141523972,14.9,63.852,74.3,52,74.22019958,34.387,80.2,88.31188748,44.05647274,0.878248843,54.33527038,44.9,5.472951692,21.84465981,-2.432705164,-0.537263751,-0.887544632,-0.949874163,6.8,0.632499993,..
Pakistan,2008,2.02204E+11,2.120441043,1087.514777,0.423,20.28612109,2.689366561,34.34896042,,185931955,2.178889217,..,64.036,73,56,73.91271973,34.59,81.4,88.47793129,45.88948541,0.834113749,50.75391506,46.6,5.418788917,19.41747665,-2.573009491,-0.599021852,-0.972613692,-0.838403463,7,..,1.924735013
Pakistan,2009,1.87338E+11,3.472550596,985.3493008,0.535,13.64776506,1.248013055,33.32688559,,190123222,2.229162535,..,64.14,71.6,55,74.17310333,34.793,82.5,88.64219188,47.71199679,0.831399228,47.79966219,46.4,5.364626142,13.87559795,-2.64452672,-0.584045112,-0.838977218,-0.855763972,7.5,0.448060006,1.767061445
Pakistan,2010,1.9671E+11,1.501717522,1011.59718,0.653,12.93887056,1.027911081,31.98899821,28.8,194454498,2.252579345,9.4,64.436,70.2,55,74.51810256,34.997,87.1,88.80475285,49.52440583,0.782293038,46.5708386,47.4,5.310463367,13.80952358,-2.675933123,-0.613358259,-0.737805545,-0.798651278,8,..,1.728023576
Pakistan,2011,2.30587E+11,2.680116854,1161.044321,0.796,11.91609271,0.575055146,32.36263828,29.7,198602738,2.110834578,9.6,64.648,68.7,55,71.02598842,35.202,87.8,88.96560218,51.32672381,0.77423555,55.75497917,46.8,5.268659195,15.16587639,-2.810035467,-0.647816777,-0.906628191,-0.829199433,8,0.329169989,1.814500958
Pakistan,2012,2.50107E+11,3.027583911,1236.892763,3.667,9.682351861,0.343453049,31.31897077,,202205861,1.79797543,..,64.782,67.1,57,70.78525465,35.408,88.6,89.12473117,53.1189631,0.766129128,66.87195407,47.2,5.226855023,14.21800995,-2.677003622,-0.722233474,-0.883420169,-0.843582153,8.1,..,1.725256901
Pakistan,2013,2.58657E+11,4.36686505,1259.668368,2.954,7.692156119,0.515353849,30.89027502,29.5,205337562,1.536897649,7.4,65.15,65.5,56,70.24364089,35.613,89.3,89.28197133,54.90051097,0.762642249,68.58132487,48.1,5.185050851,17.06161118,-2.603302002,-0.70500499,-0.855993092,-0.799480617,9,0.292849988,1.924888894
Pakistan,2014,2.7139E+11,4.116428172,1303.18537,1.827,7.189384028,0.695308117,29.46982583,,208251628,1.409182973,..,65.284,63.8,57,74.31890185,35.819,90.1,89.43748479,56.67205633,0.792486962,71.7121701,47.2,5.143246679,23.07692337,-2.401279211,-0.688540936,-0.750930011,-0.716015041,10,..,1.448112847
Pakistan,2015,2.99964E+11,4.217942096,1421.835278,3.566,2.529328173,0.557734356,26.6881846,31.3,210969298,1.296551724,5.1,65.697,62.2,..,74.84799088,36.026,91,89.59124695,58.43360674,0.826848748,68.00687676,45.9,5.101442507,22.38095284,-2.471883535,-0.645115256,-0.776916742,-0.722057998,11,0.24605,1.60383334
Pakistan,2016,3.1363E+11,6.573838285,1468.822082,2.286,3.765119164,0.821349998,24.70157951,,213524840,1.204055673,..,65.88,60.5,..,79.8399702,36.234,91.8,89.74324599,60.18517155,0.904955133,68.52282972,43.7,5.017953508,17.61904716,-2.473873854,-0.662416399,-0.815582871,-0.699399233,12.3854,..,1.957391558
Pakistan,2017,3.39206E+11,4.432625907,1567.640612,3.193,4.08537368,0.73583705,25.47203641,,216379655,1.328135434,..,66.297,58.9,59,78.84305835,36.442,92.7,89.89341028,61.92650683,0.971850611,61.79672747,42.1,4.99418846,21.90476227,-2.396910429,-0.61267668,-0.733362675,-0.693399549,13.78,0.212139994,2.176368769
Pakistan,2018,3.56128E+11,6.151702611,1620.742591,4.083,5.078057259,0.487745751,27.62605637,29.6,219731479,1.537172403,4.9,66.482,57.3,57,82.03330642,36.666,93.4,90.04259791,63.66154836,0.903148247,62.38949764,43.4,4.940561436,24.2857151,-2.253884554,-0.667998254,-0.68372798,-0.813987374,15.34,..,2.169752837
Pakistan,2019,3.20909E+11,2.497636929,1437.165833,4.83,10.5783618,0.69614648,28.9055758,,223293280,1.607981347,..,66.756,55.7,58,83.18457523,36.907,93.9,90.19065035,65.38993557,0.875344301,52.8571977,45.9,4.886934413,20.95238113,-2.251637459,-0.687235057,-0.688234627,-0.862723053,17.0709,0.17475,2.302693297
Pakistan,2020,3.00426E+11,-1.274087443,1322.314785,6.162,9.739993139,0.68469529,26.71628046,,227196741,1.73302782,..,66.269,54.1,..,..,37.165,94.5,90.33733695,67.11104079,0.85371295,42.99817342,42.7,4.833307389,21.90476227,-1.792646289,-0.764765918,-0.712482035,-0.877666116,18.9348,..,1.887812496
Pakistan,2021,3.48517E+11,6.513885759,1506.108293,6.338,9.496210561,0.616039439,27.03042156,,231402117,1.834062082,..,66.098,52.5,..,84.36845972,37.44,94.9,90.48246306,68.82426834,0.933715745,..,41.6,4.779680365,23.33333397,-1.713656187,-0.761585534,-0.658457339,-0.841158211,24.9775,0.164430007,1.488483293
Pakistan,2022,3.74788E+11,4.767539531,1589.26398,5.548,19.87385996,0.390087239,33.04037277,,235824862,1.893245598,..,66.431,51,..,82.67900632,37.731,95,90.62575385,70.52881326,0.845245486,..,..,..,22.64151001,-1.900261998,-0.886412621,-0.672492206,-0.862237751,32.9486,..,1.431317349
Pakistan,2023,3.38368E+11,-0.004855269,1407.021351,5.499,30.76812807,0.537284127,28.10207676,,240485658,1.957103432,..,..,..,..,..,38.04,..,..,..,..,..,..,..,..,..,..,..,..,..,..,..
